metric,Prophet,Ensemble
MAE,671.9166760514802,69.56970546419048
RMSE,953.6804924842226,96.03961593994143
MAPE,120.30917705454559,16.624232883732095
sMAPE,62.49684885266501,13.190919844481453
R2,0.26287060463280343,0.9925245255540041
